<?xml version="1.0" encoding="UTF-8"?>

<beans xmlns="http://www.springframework.org/schema/beans"
	xmlns:mvc="http://www.springframework.org/schema/mvc" xmlns:websocket="http://www.springframework.org/schema/websocket"
	xmlns:xsi="http://www.w3.org/2001/XMLSchema-instance"
	xsi:schemaLocation="http://www.springframework.org/schema/beans
       http://www.springframework.org/schema/beans/spring-beans.xsd
       http://www.springframework.org/schema/mvc
       http://www.springframework.org/schema/mvc/spring-mvc.xsd
       http://www.springframework.org/schema/websocket
       http://www.springframework.org/schema/websocket/spring-websocket.xsd">

	<mvc:annotation-driven>
		<!-- <mvc:message-converters> -->
		<!-- <bean class="x.y.CustomMessageConverter"/> -->
		<!-- </mvc:message-converters> -->
	</mvc:annotation-driven>

	<mvc:default-servlet-handler />

	<mvc:resources location="/js/" mapping="/js/**" />

 	<bean class="net.madvirus.spring4.chap09.mc.SimpleConverterController" />

	<bean class="net.madvirus.spring4.chap09.gm.GuestmessageControoler" />

	<bean class="net.madvirus.spring4.chap09.upload.UploadController" /> 

	<bean
		class="org.springframework.web.servlet.view.InternalResourceViewResolver">
		<property name="prefix" value="/WEB-INF/view/" />
		<property name="suffix" value=".jsp" />
	</bean>

	<bean id="multipartResolver"
		class="org.springframework.web.multipart.commons.CommonsMultipartResolver">
		<property name="defaultEncoding" value="utf-8" />
	</bean>

</beans>
