<?xml version="1.0" encoding="UTF-8"?>
<beans xmlns="http://www.springframework.org/schema/beans"
	xmlns:xsi="http://www.w3.org/2001/XMLSchema-instance"
	xsi:schemaLocation="http://www.springframework.org/schema/beans http://www.springframework.org/schema/beans/spring-beans-3.0.xsd
						http://www.springframework.org/schema/jdbc  http://www.springframework.org/schema/jdbc/spring-jdbc-3.0.xsd">
    
    
<bean id="dataSourceSpied" class="org.apache.commons.dbcp.BasicDataSource" destroy-method="close">
	<property name="driverClassName" value="oracle.jdbc.driver.OracleDriver"/>
	<property name="url" value="jdbc:oracle:thin:@localhost:1521:XE"/>
	<property name="username" value="ezen2"/>
	<property name="password" value="oracle"/>
</bean>    
    


<bean id="dataSource" class="net.sf.log4jdbc.Log4jdbcProxyDataSource">
	<constructor-arg ref="dataSourceSpied"/>
	<property name="logFormatter">
		<bean class="net.sf.log4jdbc.tools.Log4JdbcCustomFormatter">
			<property name="loggingType" value="MULTI_LINE"/>
			<property name="sqlPrefix" value="SQL		:"/>
		</bean>
	</property>
		 
</bean>    
    </beans>