<?xml version="1.0" encoding="UTF-8"?>

<beans xmlns="http://www.springframework.org/schema/beans"
	xmlns:xsi="http://www.w3.org/2001/XMLSchema-instance"
	xsi:schemaLocation="http://www.springframework.org/schema/beans   
       http://www.springframework.org/schema/beans/spring-beans.xsd">

	<bean id="factory" class="net.madvirus.spring4.chap02.erp.ErpClientFactory"
		factory-method="instance">
		<constructor-arg>
			<props>
				<prop key="server">10.50.0.101</prop>
			</props>
		</constructor-arg>
	</bean>

</beans>

