<?xml version="1.0" encoding="UTF-8"?>

<beans xmlns="http://www.springframework.org/schema/beans"
	xmlns:aop="http://www.springframework.org/schema/aop" xmlns:xsi="http://www.w3.org/2001/XMLSchema-instance"
	xsi:schemaLocation="http://www.springframework.org/schema/beans
       http://www.springframework.org/schema/beans/spring-beans.xsd
       http://www.springframework.org/schema/aop
       http://www.springframework.org/schema/aop/spring-aop.xsd">

	<aop:aspectj-autoproxy />

    <!-- Aspect 클래스를 빈으로 등록 -->
    <bean id="performanceTraceAspect"
        class="net.madvirus.spring4.chap06.aop.ProfilingAspect" />
    <!-- <bean id="updateMemberInfoTraceAspect"
        class="net.madvirus.spring4.chap06.aop.UpdateMemberInfoTraceAspect" /> -->

	<bean id="writeArticleService"
		class="net.madvirus.spring4.chap06.board.WriteArticleServiceImpl">
		<constructor-arg>
			<ref bean="articleDao" />
		</constructor-arg>
	</bean>

	<bean id="articleDao" 
		class="net.madvirus.spring4.chap06.board.MemoryArticleDao" />

	<bean id="memberService" 
		class="net.madvirus.spring4.chap06.member.MemberServiceImpl" />

	<bean id="cache" class="net.madvirus.spring4.chap06.aop.ArticleCacheAspect" />

	<bean id="readArticleService"
		class="net.madvirus.spring4.chap06.board.ReadArticleServiceImpl">
		<property name="articleDao" ref="articleDao" />
	</bean>
</beans>
