<?xml version="1.0" encoding="UTF-8"?>

<beans xmlns="http://www.springframework.org/schema/beans"
	xmlns:aop="http://www.springframework.org/schema/aop" xmlns:xsi="http://www.w3.org/2001/XMLSchema-instance"
	xsi:schemaLocation="http://www.springframework.org/schema/beans
       http://www.springframework.org/schema/beans/spring-beans.xsd
       http://www.springframework.org/schema/aop
       http://www.springframework.org/schema/aop/spring-aop.xsd">

	<!-- Advice 클래스를 빈으로 등록 -->
	<bean id="profiler" class="net.madvirus.spring4.chap06.aop.Profiler" />
	<bean id="cache" class="net.madvirus.spring4.chap06.aop.ArticleCacheAdvice" />

	<!-- Aspect 설정: Advice를 어떤 Pointcut에 적용할 지 설정 -->
	<aop:config>
		<aop:aspect id="traceAspect" ref="profiler" order="2">
			<aop:pointcut id="publicMethod"
				expression="within(net.madvirus.spring4.chap06.*)" />
			<aop:around pointcut-ref="publicMethod" method="trace" />
		</aop:aspect>
	</aop:config>
	<aop:config>
		<aop:aspect id="cacheAspect" ref="cache" order="1">
			<aop:around method="cache"
				pointcut="execution(public * net.madvirus.spring4.chap06.board.ReadArticleServiceImpl.*(..))" />
		</aop:aspect>
	</aop:config>

	<bean id="writeArticleService"
		class="net.madvirus.spring4.chap06.board.WriteArticleServiceImpl">
		<constructor-arg>
			<ref bean="articleDao" />
		</constructor-arg>
	</bean>

	<bean id="articleDao" class="net.madvirus.spring4.chap06.board.MemoryArticleDao" />

	<bean id="readArticleService"
		class="net.madvirus.spring4.chap06.board.ReadArticleServiceImpl">
		<property name="articleDao" ref="articleDao" />
	</bean>
</beans>
